score,created_utc,text
5,2025-07-13 11:27:01,"rivian
DIY or call service?
I have Gen2 R1S with 2k miles on it. I noticed this trim peeling back. Should I try to fix with some 3M VHB tape or have service do it. I’m about 4 hours from a service center. 

Has anyone had this issue and repair it themselves?"
1,2025-07-13 10:54:22,"rivian
Driver display - cross traffic and additional lane info is no longer shown
Hi everyone,

Is anyone else experiencing issues with the cross traffic information and additional lane details on the driver display? These features were introduced in the recent update a few weeks ago. They were working fine, but now I only see a single lane.

I recently had my left mirror replaced due to a manufacturing defect, and I feel like this issue started after that. I’m not sure if it’s related, since I couldn’t find any technical details on whether the cross traffic and additional lane data rely on the mirror cameras.

For context, this is a Gen 2 R1S. Any thoughts or similar experience? "
1,2025-07-13 10:09:10,"rivian
Tunein App Issues
Last week I noticed Tunein app has stoped showing new podcast episodes in a separate section under Home Screen, anybody else noticed that?  I use the Premium subscription.  "
2,2025-07-13 09:58:35,"rivian
UI issue on rear screen
Anybody else have this problem on the rear console display with numbers being cut off?

Paging u/WassymRivian ?
"
2,2025-07-13 08:36:02,"rivian
Lift gate will not lock
Yesterday I pressed the button to open the liftgate and a grinding gear sound that I’ve not heard before started, and then the liftgate opened. After loading my dog in the back. I then pressed the button it and it smoothly closed but it does not lock and then opens again in its own.
I tried applying manual pressure, I tried a soft reset but it still not working, I tried manually closing it but nothing. I reached out to Rivian and they gave me a support appointment for the 22 of July. 

I only saw one post about this on the subgroup, tried what they suggested but the issue is still happening. 

On the display it appears as the liftgate is open. I can drive and it bounces a bit and sounds louder inside the cabin but other than that the Rivian works fine.

Any ideas? 
"
5,2025-07-13 06:17:32,"rivian
Leaking oil from the front - should I keep driving it?
Just got my 2022 R1T Quad Motor back from service and found it leaking oil from the front motors in my driveway the next day, along with the red ""BRAKE"" text on the steering wheel infotainment screen. Oil color seems to be golden which other posts in this subreddit suggest that this is from the drive unit. I had the vehicle serviced for several issues, but the most relevant to this issue was the clicking sound coming from the front motors during acceleration and deceleration. Service reported that they found both half shafts and hub assemblies to be defective so they replaced them.

Should I keep driving it? 

I called customer service twice - once on Friday, second on Saturday. They set me up with a mobile appointment.  For the red ""BRAKE"" text issue, they had me do a vehicle reset, let it sleep overnight, vehicle reset again - issue still there. For the leaking oil issue, they said as long as the vehicle is drivable then I can continue to drive it - this was on Saturday so did I get the answering service team (i.e. The B team)? 

And it appears they also forgot to put some screws back on the front motor's underbody protection panel...cool. 

[Oil leak in driveway](https://preview.redd.it/y3nzmtte5ncf1.jpg?width=3024&format=pjpg&auto=webp&s=519c44462d1937f730e6b86386905ac021605267)

[Red \\""BRAKE\\"" text on infotainment](https://preview.redd.it/6lbktvte5ncf1.jpg?width=4284&format=pjpg&auto=webp&s=32302e861d86805da0cc171a212e3c0ff7455085)

[Front left suspension](https://preview.redd.it/dwpdzvte5ncf1.jpg?width=4032&format=pjpg&auto=webp&s=053d50fe706424c6d1d8643791e16654821f60fa)

[Front right underbody leak](https://preview.redd.it/ek9xkvte5ncf1.jpg?width=4032&format=pjpg&auto=webp&s=5c7a4ed66d50ddac35b4ee560effb4321e034c37)

[golden oil color](https://preview.redd.it/6o9brxte5ncf1.jpg?width=3024&format=pjpg&auto=webp&s=110feef764b597a58a4ad1a8efa3855e2bce6a73)

[front right oil leak](https://preview.redd.it/mqwv2xte5ncf1.jpg?width=3024&format=pjpg&auto=webp&s=366866c78a6faec4d6fee7a22c9024d7d8a9d3c0)

UPDATE July 13, 2025: getting towed tomorrow to the service center. A very helpful employee saw this post and DM’d me out of concern, then helped escalate the issue to the service support leads. A couple hours later, I received a call from the service support team to coordinate the tow and the rental. Very cool!! "
1,2025-07-13 06:27:00,"electricvehicles
How To Charge EVT Logistics Van
Im Borrowing A 2022 EVT Logistics Van that our Company just Purchased. Theres no owner’s manual with it and im having trouble charging it. I Found a Charging station but it kept saying to replug charger. Im not sure if it was a problem with the van or the charging station. Theres a red switch by the drivers seat that turns the battery on and then you turn the key to bring up a menu to start, then press the brake and turn the key once you’ve ready to drive. Does The Vehicle need to be turned off completely to charge? Any Advice would be appreciated "
1,2025-07-13 10:22:32,"autorepair
🔧 Driver-Side Window Switch Panel Dead on Audi A5 B9.5 (2021) — Need Help Diagnosing
Hey everyone,

I’m having a strange issue with my 2021 Audi A5 B9.5 (Sportback, 2.0 TFSI). The driver-side window switch panel suddenly stopped working — no backlight, no response from any of the 4 window buttons.

What’s odd is that:
	•	All other windows work fine from their own door switches (passenger and rear).
	•	Car locks/unlocks normally with one press on the fob, and the mirrors fold/unfold like usual.
	•	The key fob hold-to-unlock function (to open all windows) has also stopped working."
1,2025-07-13 07:04:27,"autorepair
[Need Help] Swift VDI 2013 Diesel – Car not starting after heavy rain, weird electrical issues

So basically, my 2013 Swift VDI (diesel) was parked just outside my porch, and it rained heavily for a couple of weeks straight. I think water may have gotten into the fuse box or some electrical components.

Now the car won’t start at all. There’s no sound from the fuel pump, the dashboard lights/signals keep blinking randomly, the wiper keeps wiping by itself even though it’s off, and I can’t operate the power windows.

Has anyone faced anything similar with a Swift or any diesel car? Could this be a short in the fuse box, BCM issue, or something deeper? Any advice on what to check or how to go about fixing it?"
1,2025-07-13 05:54:20,"autorepair
AC problems, can anyone identify this part?
2016 Audi A3 1.4 TFSI e-tron

AC works intermittently. Blows really cold when it works, but very warm air when it doesn't (much warmer than ambient outside air).

Had it at Audi dealership twice where they charged me $200 for inspection and pressure check, but they never found a problem. I Really don't wanna go back to have them do the same thing again.

The only identifiable thing for me who have no clue about engines is that the part in the pictures make a loud clicking sound every 2-3 seconds whenever the AC is not working and is quiet whenever it works.

So my question is; what is part and could it be connected to my issues at all?"
1,2025-07-13 05:54:20,"autorepair
AC problems, can anyone identify this part?
2016 Audi A3 1.4 TFSI e-tron

AC works intermittently. Blows really cold when it works, but very warm air when it doesn't (much warmer than ambient outside air).

Had it at Audi dealership twice where they charged me $200 for inspection and pressure check, but they never found a problem. I Really don't wanna go back to have them do the same thing again.

The only identifiable thing for me who have no clue about engines is that the part in the pictures make a loud clicking sound every 2-3 seconds whenever the AC is not working and is quiet whenever it works.

So my question is; what is part and could it be connected to my issues at all?"
1,2025-07-13 11:13:24,"MechanicAdvice
Speed-dependent ticking noise between 27–32 mph — 2019 Mustang Bullitt (video in post - not barcode label)
Hi all, I’ve got a 2019 UK-spec Mustang Bullitt (manual) and I’m trying to trace a persistent ticking noise that occurs only between ~27–32 mph. It’s: 
•	Completely unaffected by clutch position or gear
•	Consistent whether coasting, accelerating, or decelerating 
•	Changes with vehicle speed (not RPM) •	Goes away above ~32 mph 
•	Comes from the mid of the car (seems drivetrain-related)

I’ve already removed the driveshaft barcode sticker and there is no change.

Here’s a short video recorded from inside the cabin with windows up. You can clearly hear the ticking as I go through the 27–32 mph range: 👉 https://youtube.com/shorts/cdq8M4T8Nc8?si=F8s7g7ynZMAQX7hN

I’m hoping someone’s dealt with a similar issue or can offer fresh ideas. Appreciate any help before I take it in for diagnostics.

Thanks in advance!"
1,2025-07-13 11:01:19,"MechanicAdvice
Partner 2006 interior Air distribution control defect
Hi all,

I'm having an issue with my 2006 Peugeot Partner 1.6.

When I change the interior air distribution from 'Window' to 'MID' or 'Feet', nothing happens. All the air still comes out of the middle. I've done some research, but I can't find a solution. Most of the problems I've come across are related to the fan speed regulator (1–4).

I can feel some 'resistance' or change when operating the control knob. It feels like it is selecting the chosen setting, so the knob itself seems to be working properly.

Does anyone have experience with such a problem? and how to fix it?"
1,2025-07-13 10:59:27,"MechanicAdvice
Volvo S60 intermittent UCM (weird one)
BLUF/tl;dr 2007 Volvo S60 2.5t mirror module/remote fob/dome lights intermittent.

All the background information I can think of:

2007 Volvo S60 2.5t, car came from the factory with sunroof, the gasket failed so it has been converted to a moonroof by sealing with silicone & pulling the sunroof fuse. So, there has probably been some water ingress through the roof in the past but I believe it's currently fixed. I include this for background information.

The problem:

Intermittently, the rearview mirror & interior lights will not function, as if they don't have 12v. Also, because Volvo, this means the key fob won't open the doors. Because of this, I have also pulled the alarm fuse since there's no way to ""disarm"" the alarm when the mirror module isn't working.

What I've tried:

Initially, I thought it might be connector so I cleaned the pins w/ electronics cleaner & a plastic brush. I eventually went so far as to get a spare connector for a similar-spec/same year S60 & painstakingly soldered/shrink wrapped each of the 20 some-odd wires in the mirror harness to replace the connector.

This seemed to help for a while, but then the problem came right back. Shaking the mirror wire harness sometimes helped, sometimes didn't.

I've inspected all the wiring up in the headliner and I can't find any real obvious problem areas. Checked for continuity/resistance w/ voltmeter where possible and all seems fine.

What's kind of weird about this issue:

If it rains, the mirror module will work for a while. Once the rain stops and everything dries up, it goes back to being intermittent/mostly not working.

My question(s):

Based on this information, what would you recommend for troubleshooting next? Should I look into replacing the mirror module? If so, is that the sort of thing I could take to a Volvo dealer and have them re-program for the remote fob? Any other caveats to junkyard swapping the mirror module out?

I know that ""Dude it's an 18 year old car light a match and walk away"" is a tantalizing response, but humor me here, and other than the cheap-o fix on the sunroof, the car has been well maintained & is in otherwise good working order. I'd like to have my dome lights & remote fob working again if possible.

Thanks!"
1,2025-07-13 10:53:08,"MechanicAdvice
2005 Grand Prix
Hello! I am experiencing an issue where my AC cuts in and out also will blow cold or like not too cold. If you turn the car on sometimes the fans start blowing but other times no air is coming through just with the fans or the AC. After driving for a few they will kick on but it is very random. Anybody have a clue what the issue might be? "
1,2025-07-13 10:19:10,"MechanicAdvice
🔧 Driver-Side Window Switch Panel Dead on Audi A5 B9.5 (2021) — Need Help Diagnosing
Hey everyone,

I’m having a strange issue with my 2021 Audi A5 B9.5 (Sportback, 2.0 TFSI). The driver-side window switch panel suddenly stopped working — no backlight, no response from any of the 4 window buttons.

What’s odd is that:
	•	All other windows work fine from their own door switches (passenger and rear).
	•	Car locks/unlocks normally with one press on the fob, and the mirrors fold/unfold like usual.
	•	The key fob hold-to-unlock function (to open all windows) has also stopped working."
1,2025-07-13 10:19:01,"MechanicAdvice
2013 Acaida denali goes into limp mode randomly
Our family car keeps going into limp mode with traction control off and service stabilitrak on the dash.

It started when my wife drove to chicago and back one day ""about a 6 hour trip""

i took it to a local shop and they said it needs a new throttle body.

so ive replaced the throttle body, crankshaft sensor, down stream o2 sensor, high pressure fuel pump. and i keep getting same codes and issues its got high miles but the timing was recently done on it.

p0019

p0089

p228

p228d"
1,2025-07-13 10:13:10,"MechanicAdvice
Different flange loosening
Diff flange coming loose??
Had to rebuild my diff on my BMW 2006 535d
Replaced seals and retaining clips and fluid. Whenever I bolt the diff back to the car with shafts in the diff flanges get slightly loose and theres a bit of play especially on the left passenger side driveshaft (RHD) where theres a lot of up and down movement and little bit on the right flange. 

No matter how many times I slam each flange in as far as possible, whenever i bolt it back up it loosens and when i try drive it, the reverse gear always knocks it fully loose and my wheels don’t drive, with diff just loads of knocking noise like the inner part of the differential had just came loose and I have to push back in the diff flanges.

Im losing my mind with this, any suggestions before I buy a used diff? I believed preload was maybe the issue but I didn’t mess with the preload"
1,2025-07-13 10:03:26,
1,2025-07-13 09:48:24,"MechanicAdvice
Evap fueling issues
Hello all, i’m trying to figure out and diagnose what’s wrong with this car. I threw a check engine light earlier this year for P0441. The issue seems relatively simple and that it’s an EVAP solenoid. I replaced the two on the vehicle given they were relatively cheap and the vehicle is pretty old. However, the issue still persists. One side effect is that I cannot put gas in the tank at more than a trickle. On other vehicles I’ve worked on that’s a clear indicator that the EV purge is not working to depressurize the tank when fuel is added. Are there any other things I’m missing? I’m pulling my hair out here. Car is very low mileage for its age at only 40,000 so I don’t think it would be a clogged canister however that is my next thought. Thoughts?"
1,2025-07-13 09:33:49,"MechanicAdvice
Questions about cracked exhaust/muffler
Hi,

First time poster and an utter noob with regards cars. Just really looking for if anyone can confirm my suspicions on an issue with my car while I bring it to my mechanic later this week. Apologies in advance if the format is bad.

Car: 2005 VW Polo

Issues observed:
1. Engine warning light, sometimes flashes and other times stays on
2. Loss in power to the engine occasionally (not consistent)
3. Muffler / Exhaust seems to be cracked
4. Oil, coolant and all other fluids seem to be steady / no sign of leaking.

Questions:
1. Could the loss in power to the engine be due to the cracked exhaust/muffler? If not what might be other common things that would cause a loss in power to the engine.
2. What would the cracked muffler/exhaust typically cause in car? Detrimentally I mean."
0,2025-07-13 09:15:50,"MechanicAdvice
Car won’t start after pulling fuses while troubleshooting AC issue — need help!
Hey everyone, I’m in a bind and could really use some advice.

I was parked with my car idling when my AC suddenly stopped working completely — no fan, no air at all. I turned the car off and on a couple times and the AC came back temporarily.

While trying to troubleshoot, I read that I should check the interior fuses — the ones inside the car, to the right of the steering wheel, below the dash. So I pulled several of them: F30, F39, F40, F6, and F13. The car was running when I pulled the first one or two, but I turned it off shortly after.

Now the car won’t start at all. No lights, no crank — just a single tick when I press the push-to-start button. I had AAA come test the battery, and they confirmed it’s good. I also tried disconnecting the negative terminal on the battery for 10+ minutes to reset the system, but that didn’t work either.

So not only do I still have AC issues, but now the entire car won’t start.

I don’t know if this is related, but I’ve also been getting a “Car Power Reduced” warning when driving above 60mph for the past few weeks.

I’ve attached a picture of my interior fuse box below in case that helps.

Car Make/Model/Year: 2021 Chevy Trailblazer 

Any ideas on what I might have triggered or damaged? I’m desperate for help.

Thanks so much in advance."
0,2025-07-13 09:15:39,"MechanicAdvice
Loud noise when braking (HELP!)
I bought a 2006 Mazda 6 around a month ago. The previous owner had just replaced the brake rotors before he sold it. A few days pass and the brakes start making a loud humming noise (I don’t know how to describe it better) and it’s LOUD. The noise only comes when I’ve been driving around for some time, there’s no sound at all when the brakes are cold. I have already checked the brake pads and they don’t have much wear at all (about 8-9mm thick). The harder I press on the brake, the louder the noise. Need help diagnosing this issue."
1,2025-07-13 09:13:32,"MechanicAdvice
Tahoe power steering problems
My 2003 Chevy Tahoe is having problems as of late. When driving I’ve noticed that sometimes it’s starts idling poorly and even feels like it was trying to stall at one point. Additionally the power steering would go out and come back on sometimes. Replaced the battery yesterday because the old one was dying, as well as topped off the power steering fluid since it was a little low.  And I also replaced the oil filter and changed the oil since it needed to be done. Aside from this regular maintenance, im not sure what to check specifically about the problems listed above. It kinda feels like it could be some kind of faulty sensor, or gunked up mechanism or something. Just wondering where I should start looking around the vehicle about these issues or if they are even connected at all. One more thing I remember is that it still sputtered a little before starting even after replacing the battery. Don’t know if this helps but figured I’d throw that little bit of info in just in case. Any help is appreciated."
1,2025-07-13 08:57:35,"MechanicAdvice
My Transmission won't shift into the last gear!
Hello Everyone, My car ""Nissan sunny 2002"" (QG18DE engine with RE4F03B transmission) which is probably named (Almera) I think outside of the middle east, anyways the transmission is having an issue where it doesn't shift to the 4th (final) gear, it happened last year for 6 months probably in limb mode, then I for some reason unplugged and replugged a coil pack connector and fixed it somehow for 6 months and the issue returned the trans is leaking that's for sure from the axle seals and the pan itself from the last time I checked, the oil definitely wasn't maintained due to it being used as a work car, I don't want to try multiple solutions like oil change and stuff because it's costly and I and want to keep the original trans (though a used one is cheap and not gonna risk getting a used trans atm) and due to it leaking it was kinda low on fluid I refilled it to the appropriate level according to the owner's manual but that didn't fix it. and I have a slight feeling it isn't transmission related since the coil pack incident. did this happen to anyone? or seen a similar issue? and what did you do to fix it?.  luckily, it's not a CVT trans. and thanks in advance if anyone can help been dealing with this for over a year now."
1,2025-07-13 08:56:17,"MechanicAdvice
Chevy cruze thermostat fiasco
Okay long story, I have a 2013 chevy cruze that I have had for 4 years. It has about 166,000 miles on it. It was overheating so I took it in for repairs. I took it to one mechanic who said it was the Water pump, and that it would cost $1339, and that they couldn't tell what else was wrong with it because they could run it. So, I went and I got a second opinion, this mechanic told me it was the thermostat. With that being said I had him go a head with the repair since he was only charging me $300. Well a couple of hours go by and I get a phone call from him; saying that when the thermostat broke it fell into the water pump and basically turned into shrapnel. When he turned it on it just started leaking everywhere and he told me that he doesn't feel comfortable working on it since there's many unknown issues with it beyond just the leaks. I asked him to be honest with me on if it would be worth investing money into it. He told me, it would probably be in my best interest to find a different option. Great. I ended up paying him for the repair. Anyways, what im thinking is i should just scrap it or should I try selling it on marketplace? "
1,2025-07-13 08:35:30,"MechanicAdvice
Can I use an HID to Halogen adapter for my w204 ?
My headlights are really hideous, and I can’t find any HID headlights I like for the car. Can I just use an adapter and install halogen headlights instead?

Will this cause any issue ?

The car is a 2008 Mercedes c350 "
1,2025-07-13 07:56:39,"MechanicAdvice
2015 Hyundai Sonata water damaged
I purchased a water damaged 2015 Hyundai Sonata Eco sedan. I'm having a couple issues but beside these ongoing issues the vehicle runs perfectly fine. 

I intermittently have misfire on cylinder 3 (I scanned at the time of misfire), this misfire one time lasted 20 minutes the first time I noticed. 

It is the second time this happened now and the misfire (I did not scan but more than likely same cylinder) Lasted about 5-10 minutes before going away after I turn off the engine and turned it back on.  

My question is should I replace the cylinder, Even if it's not the cylinder should I dig any deeper or should I let this go away on its own. I put in 93 octane gas to help clean the fuel system 2 days ago how I should proceed?

"
1,2025-07-13 06:20:45,"MechanicAdvice
Sheered Oil Pressure Sensor Advice.
I have a 2012 Nissan Quest SL with a V6 3.5L engine

I took my car into a shop to have the alternator replaced in May of 2025.  They replaced the alternator, but when I picked it up my oil pressure light went on.  I pulled off the front passenger wheel and there was a wire for a sensor sheared off.  I looked online and I am 90% sure that it is the oil pressure sensor.  I took it back to the shop, and told them the issue.  They claimed they fixed it, and I believed them because the light was no longer on. 

Well this weekend I had to replace the tension bearing on my serpentine belt, and I notice that wire is still sheared off.  I checked my oil and I am a quart low.  

My questions are:

* If the wire was still sheared why wasn't the oil pressure light going on?
* is it possible that they bypassed the sensor instead of fixing the wire?
* if I replace it will I have an operating oil pressure sensor again?

Thank you in advance

https://preview.redd.it/v8oz551r6ncf1.jpg?width=3000&format=pjpg&auto=webp&s=2d0aecef9d58e0821b91728cc64cf5513e2abbbe

"
3,2025-07-13 05:35:34,"MechanicAdvice
Oil inside cylinder/on ignition coil?
Hey y'all, I'm a newbie so I'm sorry if I don't get the terms correct.
My car has been cranking but not turning on at times, it eventually does turn on. I know it can be the starter but I took the opportunity to check the fuses and the spark plugs rn. Any tips on the cranking issue is appreciated!
I noticed what seems to be oil at the bottom of one of the cylinders, the other 3 are clean. Should I do something about it? What else should I check? How to clean? Can I switch the ignition coils(packs?) and put a different one in that spot ?
Pics of clean cylinder vs the dirty one."
1,2025-07-13 05:20:48,"MechanicAdvice
Anyone here work on Corvettes? (C7 Z06)
Hey everyone, I just took delivery on a 2015 Z06 m7, been my dream car since they released and been in the market for 6 months and finally found one that was pretty much the exact spec I wanted.  Unfortunately, was across the country and I wasn't able to drive it prior to purchase but the dealership was seemingly great and worked with me a bunch.  I did not get a PPI (...I know). 

Let me also start with I have a diagnostics scheduled, however they can't get me in until mid August.

I took delivery a week or so ago, I have been noticing a grinding sound at low rpm that seems to be coming from the rear end or at least right below me.  This seems to resolve above 2.2k rpm or so and above that I don't notice any abnormal sounds.  It does seem to speed up at it goes from 1k to 2k.  Engine idle seems fine, shifts perfect.  Looking into this a little, my concern would be for the rear differential which seems to be a not uncommon issue with these cars.  From what I've read though, if it's the diff it should be getting worse the higher the rpms go and it's often associated with turning at low speeds, which I haven't noticed.  Maybe just fluid?

Sorry, just frustrated I can't get it in before mid August and hoping to get a pro's thoughts.  Hoping to keep this thing long term.  I got what I feel is a decent deal on it so I am very willing to make the needed repairs, but still very annoying for a new purchase.  

Appreciate it!"
2,2025-07-13 05:15:41,"MechanicAdvice
Rough idle 1991 civic ec9 dual carb
Hey, the idle on my 1991 civic ec9 is really rough. The rpm keeps going up and down without any throttle input. I replaced my spark plugs not that long ago and they are already really black again. The car does have dual carbs. Does anybody know what the issue could be?
Could it be the timing?
Thank you in advance."
1,2025-07-13 04:50:32,
1,2025-07-13 04:04:50,"MechanicAdvice
Glow plugs Astra J 2.0 cdti
Hi everyone!

Forgive my stupid question potentially as I am a bit of a novice here.

Recently bought a Astra J 2.0 CDTI, until the dreaded service vehicle soon message came up on my dash.

Obviously immediately assumed it was just a service but apon more research found it could be a glow plugs problem.

Given finding out they cost around £150 each for a pressure sensor one which (of course) this car is all 4 pressure sensored
I set out to find the problem.

Anyway taken off the sensor caps and did an Ohms resistance test on all for 2-4 cylinders tested below 3 ohms (2&3 1.1/1.3 and 4 was 2.4) but 1 had just no reading at all? 

Is this the glow plug iteslg that is then the issue causing the warning message or just simply a wiring problem or?

Bit panicked by it as I spent a lot of money on the car (and I can’t take it back, private sale) so just looking to know what the problem is 1 of all 4 (I know you should replace all 4 at the same time but I don’t have that kinda money)"
1,2025-07-13 03:52:27,"MechanicAdvice
Seat Ibiza 98' 1.4 car lock problem
I have a problem with my Seat Ibiza where the lock on both the drivers side and the passenger side broke (the long central piece of the lock on the picture on the right and the spring around it fell of). Would the best course of action be to replace the entire lock with the door handles or can these pieces be bought and replaced? Where should I look for them?

I already bought 2 handles with locks on the advice of the mechanic but the central piece was too short as seen on the picture. From what I understand this is a regular issue on older cars."
1,2025-07-13 03:42:34,"MechanicAdvice
RPM Stuck at 900 After Warm-Up Normal or Problem?
Hey everyone,
I’ve got a Seat Ibiza 6J (1.2L engine), and I’ve noticed that the RPM stays at around 900, even after the engine is fully warmed up. It doesn’t drop back to the typical idle range like most cars do (usually around 800, right?).

There’s no check engine light, and the car drives fine otherwise, but I’m starting to wonder if this is normal behavior for this model or if it’s a sign of something off — like a sensor, throttle body issue, or air intake problem.

Anyone else experienced this? Should I be worried or just leave it alone?

Thanks in advance!"
1,2025-07-13 03:03:36,"MechanicAdvice
[Mazda 6 2009] Power Steering Cut Out, Then Engine Shook and Died, What Could Be the Issue?
Hi everyone,

I drive a 2009 Mazda 6 (2.0L, 5-speed automatic). Recently, I had a strange issue while driving:

First, the power steering suddenly stopped working (very heavy steering).

A few minutes later, the car started shaking, then the engine shut off completely.

Both the Check Engine Light and the Power Steering Light came on.

I tried restarting the car, and it wouldn’t start right away. But after holding the key in the ignition for about 4 seconds, it finally cranked and started.

After that, the car ran mostly fine, except for a slight shake when stopped at signals.


Has anyone experienced this before? What could be the possible causes? I’m planning to get it scanned, but I wanted to hear what others think first.

Thanks in advance!"
1,2025-07-13 03:01:23,"MechanicAdvice
Question about patrol y60
I have overheating issues ony rd28 engine, the mecanic removed the thermostat and it works fine ( no overheating obviously cause the liquidcirculatingnonstop ) , i heard conflicting accounts about removing thermostat,  he told me I can put a new one on winter , does removing it really affecte the engine? ( not talking fuel consumption or taking time to heat ) i mean would it cause the engine to die or wear out,  sorry for the English "
2,2025-07-13 02:07:44,"MechanicAdvice
Starter won’t spin all the time
This is my winter truck, but my mom’s been using it over the summer while she shops for a new vehicle. Every week or two, when you turn the key, the starter just won’t spin or engage. I figured out that “jumping” the starter with a screwdriver for a second fixes it, and then it’s good for another week or two before it acts up again.

I honestly don’t mind jumping the starter now and then, but for my mom’s sake, I’d rather just spend a couple hundred bucks to fix it. My assumption is that the starter is old and needs to be replaced, but before I use my only day off to swap it, I figured I’d ask here to see if anyone’s had the same issue or knows if it could be something else besides the starter.

I appreciate any input!
"
1,2025-07-13 09:03:30,"MechanicAdvice
Civic AC compressor question
I have a 2013 Honda Civic Si 2.4L.  2 years ago I replaced the AC compressor and condenser after the compressor clutch failed. I vacuumed down the system and charged with the correct amount of refrigerant.  Everything worked flawlessly for about a year and a half.  One day I started the car up and it sounded like an air compressor running and it did not blow cold.  Once I realized it was the compressor making this noise I have not let the compressor run since.  I assumed the compressor failed so after living without AC I ordered a new compressor/ condenser/ expansion valve again. I just went out to check and see if there was still refrigerant in the system and pressed a screwdriver to the valve and all that came out was seemingly compressed air, there was zero refrigerant in the system.  Is it still likely the compressor has failed or do I have another problem, leak in the system?  The AC went from working flawlessly one day to making a horrible noise the next day.  Thanks in advance for any help!"
1,2025-07-13 09:12:29,"MechanicAdvice
Aftermarket car starter
Put an aftermarket car starter on my 2014 Kia Optima when I bought it back in 2013. Have had a good run, but just recently, I've noticed that the remote starter will start the car, but it won't ""hold"" (the car turns off several seconds after starting). The car itself seems to start/work fine otherwise. I have every intention of driving the car ""until the wheels fall off"", but I definitely don't want to be dropping a lot of money into it because I just don't know how much longer it's going to last me. But I also definitely don't want to be without a remote starter, either. I know I won't know until I actually bring it in... but does this sound like something that is likely a fairly inexpensive quick fix? Or am I likely looking at having to invest in a new starter? Also, should I bring it into a mechanic or a place that installs car starters to have it checked out? I just don't want to be upsold on something I may not actually need."
1,2025-07-13 08:57:15,"MechanicAdvice
Electronics not workong after changing 100a fuse poniac vibe
I changed my 100a fuse as a new alternator i intsalled was not working (dumb i know) but now only these lights work but the car starts. The power locks or other electtonics including the cluster wont turn on. Any ideas? "
1,2025-07-13 06:52:32,"MechanicAdvice
Car Is Not Starting
I drive a 2002 Chevy Monte Carlo. When I turn the ignition it isn't starting. I'm only getting that clicking sound. The starter and battery have both been replaced in the past year. I replaced the lock cylinder/passlock last week and it was driving completely normally for 4 days. Now it wont start. What could the problem be?"
